{
    "width": 60,
    "height": 90,
    "lower_bound_height": 80,
    "area": 5400,
    "area_used": 4391,
    "efficiency": 0.8131481481481482,
    "num_unpacked_stocks": 5,
    "packing_time": 0.0017536670056870207
}