{
    "width": 60,
    "height": 60,
    "lower_bound_height": 59,
    "area": 3600,
    "area_used": 2616,
    "efficiency": 0.7266666666666667,
    "num_unpacked_stocks": 7,
    "packing_time": 0.0007648750033695251
}