{
    "width": 160,
    "height": 240,
    "lower_bound_height": 239,
    "area": 38400,
    "area_used": 30832,
    "efficiency": 0.8029166666666666,
    "num_unpacked_stocks": 24,
    "packing_time": 0.009044416001415811
}