{
    "width": 40,
    "height": 15,
    "lower_bound_height": 15,
    "area": 600,
    "area_used": 578,
    "efficiency": 0.9633333333333334,
    "num_unpacked_stocks": 1,
    "packing_time": 0.00022887508384883404
}